{"cameraMode":{"drawMode":0,"name":"Shaded","section":"Shading Mode"},"sceneLighting":false,"audioPlay":false,"sceneViewState":{"showFog":true,"showMaterialUpdate":false,"showSkybox":false,"showFlares":true,"showImageEffects":true,"showParticleSystems":true,"showVisualEffectGraphs":true,"m_FxEnabled":true},"in2DMode":false,"pivot":{"x":-0.23810416460037232,"y":0.10050065070390701,"z":-0.05321844667196274},"rotation":{"x":-0.33813196420669558,"y":0.07018978148698807,"z":-0.025357339531183244,"w":-0.938221275806427},"size":0.6873863935470581,"orthographic":false}