{"cameraMode":{"drawMode":0,"name":"Shaded","section":"Shading Mode"},"sceneLighting":false,"audioPlay":false,"sceneViewState":{"showFog":true,"showMaterialUpdate":false,"showSkybox":false,"showFlares":true,"showImageEffects":true,"showParticleSystems":true,"showVisualEffectGraphs":true,"m_FxEnabled":true},"in2DMode":false,"pivot":{"x":1.6524351835250855,"y":-1.0740859508514405,"z":1.2206056118011475},"rotation":{"x":0.4816197454929352,"y":-0.13123592734336854,"z":0.07333476096391678,"w":0.8634673357009888},"size":1.6007810831069947,"orthographic":false}