{"cameraMode":{"drawMode":0,"name":"Shaded","section":"Shading Mode"},"sceneLighting":false,"audioPlay":false,"sceneViewState":{"showFog":true,"showMaterialUpdate":false,"showSkybox":false,"showFlares":true,"showImageEffects":true,"showParticleSystems":true,"showVisualEffectGraphs":true,"m_FxEnabled":true},"in2DMode":false,"pivot":{"x":0.780023992061615,"y":0.04995882883667946,"z":-0.6580162048339844},"rotation":{"x":-0.00014197896234691143,"y":-0.8934289813041687,"z":0.00027485686587169766,"w":-0.44922393560409548},"size":0.6619101166725159,"orthographic":false}