{"cameraMode":{"drawMode":0,"name":"Shaded","section":"Shading Mode"},"sceneLighting":false,"audioPlay":false,"sceneViewState":{"showFog":true,"showMaterialUpdate":false,"showSkybox":false,"showFlares":true,"showImageEffects":true,"showParticleSystems":true,"showVisualEffectGraphs":true,"m_FxEnabled":true},"in2DMode":false,"pivot":{"x":0.18095219135284425,"y":0.516373336315155,"z":-0.4171442985534668},"rotation":{"x":0.13793441653251649,"y":-0.1999850869178772,"z":0.028506780043244363,"w":0.9696865677833557},"size":0.9619101881980896,"orthographic":false}