{"cameraMode":{"drawMode":0,"name":"Shaded","section":"Shading Mode"},"sceneLighting":false,"audioPlay":false,"sceneViewState":{"showFog":true,"showMaterialUpdate":false,"showSkybox":false,"showFlares":true,"showImageEffects":true,"showParticleSystems":true,"showVisualEffectGraphs":true,"m_FxEnabled":true},"in2DMode":false,"pivot":{"x":0.5956290364265442,"y":-0.4905059039592743,"z":0.4644052982330322},"rotation":{"x":-0.18545737862586976,"y":-0.33875519037246706,"z":0.06825099885463715,"w":-0.9199772477149963},"size":0.9445624351501465,"orthographic":false}