{"cameraMode":{"drawMode":0,"name":"Shaded","section":"Shading Mode"},"sceneLighting":true,"audioPlay":false,"sceneViewState":{"showFog":true,"showMaterialUpdate":false,"showSkybox":true,"showFlares":true,"showImageEffects":true,"showParticleSystems":true,"showVisualEffectGraphs":true,"m_FxEnabled":true},"in2DMode":false,"pivot":{"x":21.367027282714845,"y":-32.8351936340332,"z":21.297868728637697},"rotation":{"x":0.5377456545829773,"y":-0.017702119424939157,"z":0.011295421048998833,"w":0.8428518176078796},"size":32.06448745727539,"orthographic":false}