{"cameraMode":{"drawMode":0,"name":"Shaded","section":"Shading Mode"},"sceneLighting":true,"audioPlay":false,"sceneViewState":{"showFog":true,"showMaterialUpdate":false,"showSkybox":true,"showFlares":true,"showImageEffects":true,"showParticleSystems":true,"showVisualEffectGraphs":true,"m_FxEnabled":true},"in2DMode":false,"pivot":{"x":2.1833882331848146,"y":1.8581569194793702,"z":1.0026582479476929},"rotation":{"x":0.5638447999954224,"y":-0.027242561802268029,"z":0.018612615764141084,"w":0.8252336382865906},"size":1.9988415241241456,"orthographic":false}