{"cameraMode":{"drawMode":0,"name":"Shaded","section":"Shading Mode"},"sceneLighting":true,"audioPlay":false,"sceneViewState":{"showFog":true,"showMaterialUpdate":false,"showSkybox":true,"showFlares":true,"showImageEffects":true,"showParticleSystems":true,"showVisualEffectGraphs":true,"m_FxEnabled":true},"in2DMode":false,"pivot":{"x":16.47376251220703,"y":-16.2813663482666,"z":59.05748748779297},"rotation":{"x":0.17395271360874177,"y":0.025108590722084047,"z":-0.004434656351804733,"w":0.9844303131103516},"size":36.590904235839847,"orthographic":false}