{"cameraMode":{"drawMode":0,"name":"Shaded","section":"Shading Mode"},"sceneLighting":true,"audioPlay":false,"sceneViewState":{"showFog":true,"showMaterialUpdate":false,"showSkybox":true,"showFlares":true,"showImageEffects":true,"showParticleSystems":true,"showVisualEffectGraphs":true,"m_FxEnabled":true},"in2DMode":false,"pivot":{"x":10.132280349731446,"y":3.563973903656006,"z":-4.151735782623291},"rotation":{"x":0.2105768620967865,"y":-0.25466349720954897,"z":0.056917667388916019,"w":0.9421185255050659},"size":1.9988415241241456,"orthographic":false}