{"cameraMode":{"drawMode":0,"name":"Shaded","section":"Shading Mode"},"sceneLighting":false,"audioPlay":false,"sceneViewState":{"showFog":true,"showMaterialUpdate":false,"showSkybox":false,"showFlares":true,"showImageEffects":true,"showParticleSystems":true,"showVisualEffectGraphs":true,"m_FxEnabled":true},"in2DMode":false,"pivot":{"x":-0.7769675254821777,"y":-0.5828773975372315,"z":0.46778324246406557},"rotation":{"x":-0.18310801684856416,"y":0.36187103390693667,"z":-0.0727682113647461,"w":-0.9113005995750427},"size":1.6733200550079346,"orthographic":false}