{"cameraMode":{"drawMode":0,"name":"Shaded","section":"Shading Mode"},"sceneLighting":false,"audioPlay":false,"sceneViewState":{"showFog":true,"showMaterialUpdate":false,"showSkybox":false,"showFlares":true,"showImageEffects":true,"showParticleSystems":true,"showVisualEffectGraphs":true,"m_FxEnabled":true},"in2DMode":false,"pivot":{"x":0.15735265612602235,"y":-0.38384270668029787,"z":0.014036178588867188},"rotation":{"x":-0.21608835458755494,"y":0.016107967123389245,"z":-0.003619276685640216,"w":-0.9763579368591309},"size":1.6733200550079346,"orthographic":false}