{"cameraMode":{"drawMode":0,"name":"Shaded","section":"Shading Mode"},"sceneLighting":false,"audioPlay":false,"sceneViewState":{"showFog":true,"showMaterialUpdate":false,"showSkybox":false,"showFlares":true,"showImageEffects":true,"showParticleSystems":true,"showVisualEffectGraphs":true,"m_FxEnabled":true},"in2DMode":false,"pivot":{"x":-0.09416619688272476,"y":-0.7702083587646484,"z":0.5627514123916626},"rotation":{"x":0.389281302690506,"y":-0.13063408434391023,"z":0.05583485588431358,"w":0.9102731943130493},"size":0.8684976696968079,"orthographic":false}