{"cameraMode":{"drawMode":0,"name":"Shaded","section":"Shading Mode"},"sceneLighting":false,"audioPlay":false,"sceneViewState":{"showFog":true,"showMaterialUpdate":false,"showSkybox":false,"showFlares":true,"showImageEffects":true,"showParticleSystems":true,"showVisualEffectGraphs":true,"m_FxEnabled":true},"in2DMode":false,"pivot":{"x":0.1964503675699234,"y":-0.11862394958734513,"z":-0.20970575511455537},"rotation":{"x":-0.0908774808049202,"y":-0.8505173921585083,"z":0.15668471157550813,"w":-0.49405041337013247},"size":0.8678174018859863,"orthographic":false}