{"cameraMode":{"drawMode":0,"name":"Shaded","section":"Shading Mode"},"sceneLighting":false,"audioPlay":false,"sceneViewState":{"showFog":true,"showMaterialUpdate":false,"showSkybox":false,"showFlares":true,"showImageEffects":true,"showParticleSystems":true,"showVisualEffectGraphs":true,"m_FxEnabled":true},"in2DMode":false,"pivot":{"x":-1.3840469121932984,"y":-0.46231234073638918,"z":-0.18108583986759187},"rotation":{"x":-0.03922165930271149,"y":0.9561118483543396,"z":-0.24833664298057557,"w":-0.15126189589500428},"size":1.565247654914856,"orthographic":false}