{"cameraMode":{"drawMode":0,"name":"Shaded","section":"Shading Mode"},"sceneLighting":false,"audioPlay":false,"sceneViewState":{"showFog":true,"showMaterialUpdate":false,"showSkybox":false,"showFlares":true,"showImageEffects":true,"showParticleSystems":true,"showVisualEffectGraphs":true,"m_FxEnabled":true},"in2DMode":false,"pivot":{"x":-0.19109316170215608,"y":-0.04922425001859665,"z":-0.5389664173126221},"rotation":{"x":0.013968047685921193,"y":-0.9793850779533386,"z":0.18946649134159089,"w":0.070856474339962},"size":0.8678174018859863,"orthographic":false}