{"cameraMode":{"drawMode":0,"name":"Shaded","section":"Shading Mode"},"sceneLighting":false,"audioPlay":false,"sceneViewState":{"showFog":true,"showMaterialUpdate":false,"showSkybox":false,"showFlares":true,"showImageEffects":true,"showParticleSystems":true,"showVisualEffectGraphs":true,"m_FxEnabled":true},"in2DMode":false,"pivot":{"x":-0.4937154948711395,"y":0.37515148520469668,"z":0.1484149843454361},"rotation":{"x":0.014867900870740414,"y":-0.9770877957344055,"z":0.07102087140083313,"w":0.2008664458990097},"size":0.8678174018859863,"orthographic":false}