{"cameraMode":{"drawMode":0,"name":"Shaded","section":"Shading Mode"},"sceneLighting":false,"audioPlay":false,"sceneViewState":{"showFog":true,"showMaterialUpdate":false,"showSkybox":false,"showFlares":true,"showImageEffects":true,"showParticleSystems":true,"showVisualEffectGraphs":true,"m_FxEnabled":true},"in2DMode":false,"pivot":{"x":-1.2420916557312012,"y":1.2503546476364136,"z":2.8001420497894289},"rotation":{"x":-0.0038261169102042915,"y":-0.9947784543037415,"z":0.04061891511082649,"w":-0.09367824345827103},"size":0.6619101166725159,"orthographic":false}