{"cameraMode":{"drawMode":0,"name":"Shaded","section":"Shading Mode"},"sceneLighting":false,"audioPlay":false,"sceneViewState":{"showFog":true,"showMaterialUpdate":false,"showSkybox":false,"showFlares":true,"showImageEffects":true,"showParticleSystems":true,"showVisualEffectGraphs":true,"m_FxEnabled":true},"in2DMode":false,"pivot":{"x":0.391878217458725,"y":0.1894233226776123,"z":0.39306220412254336},"rotation":{"x":-0.21342696249485017,"y":0.6214510798454285,"z":-0.18126730620861054,"w":-0.7317080497741699},"size":0.6619101166725159,"orthographic":false}