{"cameraMode":{"drawMode":0,"name":"Shaded","section":"Shading Mode"},"sceneLighting":false,"audioPlay":false,"sceneViewState":{"showFog":true,"showMaterialUpdate":false,"showSkybox":false,"showFlares":true,"showImageEffects":true,"showParticleSystems":true,"showVisualEffectGraphs":true,"m_FxEnabled":true},"in2DMode":false,"pivot":{"x":0.8522993922233582,"y":0.6789071559906006,"z":0.2877524495124817},"rotation":{"x":-0.07009532302618027,"y":0.6691265106201172,"z":-0.06362932920455933,"w":-0.7371013164520264},"size":0.6619101166725159,"orthographic":false}