{"cameraMode":{"drawMode":0,"name":"Shaded","section":"Shading Mode"},"sceneLighting":false,"audioPlay":false,"sceneViewState":{"showFog":true,"showMaterialUpdate":false,"showSkybox":false,"showFlares":true,"showImageEffects":true,"showParticleSystems":true,"showVisualEffectGraphs":true,"m_FxEnabled":true},"in2DMode":false,"pivot":{"x":-0.3979766368865967,"y":-0.3213621973991394,"z":-0.5469664335250855},"rotation":{"x":-0.03949428349733353,"y":0.9605240821838379,"z":-0.19033445417881013,"w":-0.19961200654506684},"size":0.8786819577217102,"orthographic":false}