{"cameraMode":{"drawMode":0,"name":"Shaded","section":"Shading Mode"},"sceneLighting":false,"audioPlay":false,"sceneViewState":{"showFog":true,"showMaterialUpdate":false,"showSkybox":false,"showFlares":true,"showImageEffects":true,"showParticleSystems":true,"showVisualEffectGraphs":true,"m_FxEnabled":true},"in2DMode":false,"pivot":{"x":-0.24297575652599336,"y":-0.3134101629257202,"z":0.6383205056190491},"rotation":{"x":0.1182539090514183,"y":-0.23889201879501344,"z":0.029294153675436975,"w":0.9635434746742249},"size":0.8678174018859863,"orthographic":false}