{"cameraMode":{"drawMode":0,"name":"Shaded","section":"Shading Mode"},"sceneLighting":false,"audioPlay":false,"sceneViewState":{"showFog":true,"showMaterialUpdate":false,"showSkybox":false,"showFlares":true,"showImageEffects":true,"showParticleSystems":true,"showVisualEffectGraphs":true,"m_FxEnabled":true},"in2DMode":false,"pivot":{"x":-0.12068118900060654,"y":-0.07846434414386749,"z":0.4937477707862854},"rotation":{"x":-0.3346696197986603,"y":0.20926517248153687,"z":-0.07654532790184021,"w":-0.9157000780105591},"size":1.5692355632781983,"orthographic":false}