{"cameraMode":{"drawMode":0,"name":"Shaded","section":"Shading Mode"},"sceneLighting":false,"audioPlay":false,"sceneViewState":{"showFog":true,"showMaterialUpdate":false,"showSkybox":false,"showFlares":true,"showImageEffects":true,"showParticleSystems":true,"showVisualEffectGraphs":true,"m_FxEnabled":true},"in2DMode":false,"pivot":{"x":0.004740608390420675,"y":0.1374586820602417,"z":-0.16225597262382508},"rotation":{"x":0.056427810341119769,"y":0.5959588885307312,"z":0.04216171056032181,"w":-0.8000859022140503},"size":0.3619101047515869,"orthographic":false}