{"cameraMode":{"drawMode":0,"name":"Shaded","section":"Shading Mode"},"sceneLighting":false,"audioPlay":false,"sceneViewState":{"showFog":true,"showMaterialUpdate":false,"showSkybox":false,"showFlares":true,"showImageEffects":true,"showParticleSystems":true,"showVisualEffectGraphs":true,"m_FxEnabled":true},"in2DMode":false,"pivot":{"x":-0.44984105229377749,"y":-0.13120360672473908,"z":0.22242017090320588},"rotation":{"x":0.047769468277692798,"y":-0.5613455772399902,"z":0.03216594085097313,"w":0.8257574439048767},"size":0.8700794577598572,"orthographic":false}