{"cameraMode":{"drawMode":0,"name":"Shaded","section":"Shading Mode"},"sceneLighting":false,"audioPlay":false,"sceneViewState":{"showFog":true,"showMaterialUpdate":false,"showSkybox":false,"showFlares":true,"showImageEffects":true,"showParticleSystems":true,"showVisualEffectGraphs":true,"m_FxEnabled":true},"in2DMode":false,"pivot":{"x":-0.49620649218559267,"y":-0.3494161069393158,"z":0.34060612320899966},"rotation":{"x":0.22371146082878114,"y":-0.4695543944835663,"z":0.12399879097938538,"w":0.8452226519584656},"size":0.8700794577598572,"orthographic":false}