{"cameraMode":{"drawMode":0,"name":"Shaded","section":"Shading Mode"},"sceneLighting":false,"audioPlay":false,"sceneViewState":{"showFog":true,"showMaterialUpdate":false,"showSkybox":false,"showFlares":true,"showImageEffects":true,"showParticleSystems":true,"showVisualEffectGraphs":true,"m_FxEnabled":true},"in2DMode":false,"pivot":{"x":0.23584994673728944,"y":-0.5321025252342224,"z":0.30161821842193606},"rotation":{"x":-0.3391631245613098,"y":0.06342905014753342,"z":-0.022984862327575685,"w":-0.9384340047836304},"size":1.59059739112854,"orthographic":false}