{"cameraMode":{"drawMode":0,"name":"Shaded","section":"Shading Mode"},"sceneLighting":false,"audioPlay":false,"sceneViewState":{"showFog":true,"showMaterialUpdate":false,"showSkybox":false,"showFlares":true,"showImageEffects":true,"showParticleSystems":true,"showVisualEffectGraphs":true,"m_FxEnabled":true},"in2DMode":false,"pivot":{"x":-0.5475047826766968,"y":0.2791939973831177,"z":0.1869824081659317},"rotation":{"x":0.003014887683093548,"y":0.9962820410728455,"z":-0.07667487114667893,"w":0.039175234735012057},"size":0.8660253882408142,"orthographic":false}