{"cameraMode":{"drawMode":0,"name":"Shaded","section":"Shading Mode"},"sceneLighting":false,"audioPlay":false,"sceneViewState":{"showFog":true,"showMaterialUpdate":false,"showSkybox":false,"showFlares":true,"showImageEffects":true,"showParticleSystems":true,"showVisualEffectGraphs":true,"m_FxEnabled":true},"in2DMode":false,"pivot":{"x":1.0714818239212037,"y":-0.6424378752708435,"z":0.7188113331794739},"rotation":{"x":-0.21044908463954926,"y":0.39125484228134158,"z":-0.09244105964899063,"w":-0.8912073969841003},"size":1.7327723503112794,"orthographic":false}