{"cameraMode":{"drawMode":0,"name":"Shaded","section":"Shading Mode"},"sceneLighting":false,"audioPlay":false,"sceneViewState":{"showFog":true,"showMaterialUpdate":false,"showSkybox":false,"showFlares":true,"showImageEffects":true,"showParticleSystems":true,"showVisualEffectGraphs":true,"m_FxEnabled":true},"in2DMode":false,"pivot":{"x":0.04925338178873062,"y":-0.7166295051574707,"z":0.49526363611221316},"rotation":{"x":-0.17882046103477479,"y":0.38758179545402529,"z":-0.07695477455854416,"w":-0.9011356234550476},"size":1.59059739112854,"orthographic":false}