{"cameraMode":{"drawMode":0,"name":"Shaded","section":"Shading Mode"},"sceneLighting":false,"audioPlay":false,"sceneViewState":{"showFog":true,"showMaterialUpdate":false,"showSkybox":false,"showFlares":true,"showImageEffects":true,"showParticleSystems":true,"showVisualEffectGraphs":true,"m_FxEnabled":true},"in2DMode":false,"pivot":{"x":-0.5534777641296387,"y":0.042975954711437228,"z":0.1612977534532547},"rotation":{"x":-0.0016614060150459409,"y":-0.6969847083091736,"z":-0.001717788865789771,"w":0.7173107862472534},"size":0.8678174018859863,"orthographic":false}