{"cameraMode":{"drawMode":0,"name":"Shaded","section":"Shading Mode"},"sceneLighting":false,"audioPlay":false,"sceneViewState":{"showFog":true,"showMaterialUpdate":false,"showSkybox":false,"showFlares":true,"showImageEffects":true,"showParticleSystems":true,"showVisualEffectGraphs":true,"m_FxEnabled":true},"in2DMode":false,"pivot":{"x":0.0195738784968853,"y":0.05555639788508415,"z":-0.8218719363212586},"rotation":{"x":0.002543004462495446,"y":-0.99151611328125,"z":-0.018718617036938669,"w":-0.12985633313655854},"size":0.8678174018859863,"orthographic":false}