{"cameraMode":{"drawMode":0,"name":"Shaded","section":"Shading Mode"},"sceneLighting":false,"audioPlay":false,"sceneViewState":{"showFog":true,"showMaterialUpdate":false,"showSkybox":false,"showFlares":true,"showImageEffects":true,"showParticleSystems":true,"showVisualEffectGraphs":true,"m_FxEnabled":true},"in2DMode":false,"pivot":{"x":-0.22717423737049104,"y":-0.04134445637464523,"z":-0.45039382576942446},"rotation":{"x":-0.00553559884428978,"y":-0.9945078492164612,"z":0.07834798842668534,"w":-0.07146406173706055},"size":0.8678174018859863,"orthographic":false}