{"cameraMode":{"drawMode":0,"name":"Shaded","section":"Shading Mode"},"sceneLighting":false,"audioPlay":false,"sceneViewState":{"showFog":true,"showMaterialUpdate":false,"showSkybox":false,"showFlares":true,"showImageEffects":true,"showParticleSystems":true,"showVisualEffectGraphs":true,"m_FxEnabled":true},"in2DMode":false,"pivot":{"x":-0.25558003783226015,"y":0.30172741413116457,"z":-0.7805168032646179},"rotation":{"x":-0.15710988640785218,"y":-0.13670486211776734,"z":0.021962150931358339,"w":-0.9778335094451904},"size":0.6619101166725159,"orthographic":false}