{"cameraMode":{"drawMode":0,"name":"Shaded","section":"Shading Mode"},"sceneLighting":false,"audioPlay":false,"sceneViewState":{"showFog":true,"showMaterialUpdate":false,"showSkybox":false,"showFlares":true,"showImageEffects":true,"showParticleSystems":true,"showVisualEffectGraphs":true,"m_FxEnabled":true},"in2DMode":false,"pivot":{"x":-0.38110849261283877,"y":0.31712740659713747,"z":0.4313275218009949},"rotation":{"x":-0.02312435954809189,"y":-0.41110387444496157,"z":-0.010727000422775746,"w":0.9115029573440552},"size":0.9186883568763733,"orthographic":false}