{"cameraMode":{"drawMode":0,"name":"Shaded","section":"Shading Mode"},"sceneLighting":false,"audioPlay":false,"sceneViewState":{"showFog":true,"showMaterialUpdate":false,"showSkybox":false,"showFlares":true,"showImageEffects":true,"showParticleSystems":true,"showVisualEffectGraphs":true,"m_FxEnabled":true},"in2DMode":false,"pivot":{"x":0.31375983357429507,"y":0.17647410929203034,"z":0.823552131652832},"rotation":{"x":-0.00008449662709608674,"y":0.9638563394546509,"z":-0.0002978504344355315,"w":-0.26644396781921389},"size":0.6619101166725159,"orthographic":false}